feature_set,uniform_mean,uniform_std,gaussian_mean,gaussian_std,t,p<,p>,p!=
CUMUL,0.02617488182881838,0.003034646782982353,0.02587184062000543,0.003143509272075183,1.9038870855160162,0.9685969931725097,0.031403006827490317,0.06280601365498063
Herrmann,0.1562045212415164,0.010326695848650046,0.2376590898969531,0.017472585663643216,-37.224279251217155,6.766940521108951e-38,1.0,1.3533881042217902e-37
Liberatore,0.06190189066084169,0.005685664048107544,0.16549485317309606,0.013679934005985578,-67.50964685167737,2.5877277956921413e-50,1.0,5.175455591384283e-50
Panchenko,0.022652163193644586,0.0023736834515841157,0.022617458028242842,0.0021446964495219437,0.2544478921391486,0.5998928100081172,0.40010718999188283,0.8002143799837657
VNG++,0.028178815061450462,0.0031940785932391053,0.027300574470220898,0.003190802839818246,5.437553342030499,0.9999991506593087,8.493406913175317e-07,1.6986813826350633e-06
