feature_set,uniform_mean,uniform_std,gaussian_mean,gaussian_std,t,p<,p>,p!=
CUMUL,0.08523630710202695,0.016616608618468278,0.0814823653826738,0.016635372811374904,16.283480232962436,1.0,1.0441092620106773e-21,2.0882185240213547e-21
Herrmann,0.09441916557454996,0.015236543407708726,0.3997812845823703,0.009143924398693127,-223.87518232912004,1.0067350748342758e-75,1.0,2.0134701496685517e-75
Liberatore,0.15420588376433725,0.017774162612217686,0.41006768179252356,0.014008539398192401,-151.4708004583513,2.01849816118358e-67,1.0,4.03699632236716e-67
Panchenko,0.1425676215957369,0.01837351235673056,0.2456503137315209,0.019688924683296877,-63.20041410954729,6.323136848013524e-49,1.0,1.2646273696027048e-48
VNG++,0.1721635716433885,0.019804422050254105,0.14940345364561394,0.018612018102389247,36.8954637803133,1.0,1.0299785162441416e-37,2.0599570324882833e-37
